Polygon 1: [{'x': 467.853, 'y': 553.682}, {'x': 665.831, 'y': 502.145}, {'x': 618.593, 'y': 464.4}, {'x': 505.735, 'y': 407.667}, {'x': 388.827, 'y': 442.827}, {'x': 451.296, 'y': 501.246}, {'x': 467.853, 'y': 553.682}]
Polygon 2: [{'x': 673.93, 'y': 508.309}, {'x': 623.789, 'y': 455.154}, {'x': 511.718, 'y': 404.405}, {'x': 647.656, 'y': 363.262}, {'x': 802.017, 'y': 397.454}, {'x': 863.271, 'y': 460.891}, {'x': 673.93, 'y': 508.309}]
Polygon 3: [{'x': 0.0, 'y': 1546.951}, {'x': 575.31, 'y': 1468.601}, {'x': 1108.13, 'y': 1777.212}, {'x': 422.3, 'y': 1961.537}, {'x': 0.0, 'y': 2033.79}, {'x': 0.0, 'y': 1546.951}]
Polygon 4: [{'x': 1.327, 'y': 2071.92}, {'x': 466.817, 'y': 1973.504}, {'x': 1082.08, 'y': 1812.62}, {'x': 1216.847, 'y': 1769.429}, {'x': 1986.335, 'y': 2076.669}, {'x': 1831.189, 'y': 2155.242}, {'x': 0.0, 'y': 2160.0}, {'x': 1.327, 'y': 2071.92}]
Polygon 5: [{'x': 3439.633, 'y': 711.553}, {'x': 3459.383, 'y': 836.559}, {'x': 3810.397, 'y': 1003.607}, {'x': 3840.0, 'y': 907.777}, {'x': 3439.633, 'y': 711.553}]
Polygon 6: [{'x': 3441.14, 'y': 837.277}, {'x': 3508.018, 'y': 980.886}, {'x': 3592.599, 'y': 995.688}, {'x': 3776.564, 'y': 1103.529}, {'x': 3825.198, 'y': 1128.904}, {'x': 3840.0, 'y': 1021.961}, {'x': 3441.14, 'y': 837.277}]
Polygon 7: [{'x': 1961.323, 'y': 303.087}, {'x': 2031.103, 'y': 341.149}, {'x': 2299.649, 'y': 328.462}, {'x': 2489.958, 'y': 322.118}, {'x': 2445.552, 'y': 279.827}, {'x': 1961.323, 'y': 303.087}]
Polygon 8: [{'x': 2045.261, 'y': 341.378}, {'x': 2324.38, 'y': 379.44}, {'x': 2434.336, 'y': 369.924}, {'x': 2544.292, 'y': 360.409}, {'x': 2502.001, 'y': 326.576}, {'x': 2045.261, 'y': 341.378}]
Polygon 9: [{'x': 218.812, 'y': 1087.705}, {'x': 166.421, 'y': 865.811}, {'x': 6.164, 'y': 952.103}, {'x': 0.0, 'y': 1214.061}, {'x': 218.812, 'y': 1087.705}]
Polygon 10: [{'x': 1032.424, 'y': 415.859}, {'x': 1519.358, 'y': 314.157}, {'x': 912.231, 'y': 234.029}, {'x': 748.892, 'y': 360.385}, {'x': 1032.424, 'y': 415.859}]
Polygon 11: [{'x': 3143.499, 'y': 1688.668}, {'x': 3559.55, 'y': 1186.325}, {'x': 3840.0, 'y': 1260.289}, {'x': 3833.836, 'y': 1694.831}, {'x': 3143.499, 'y': 1688.668}]
Polygon 12: [{'x': 2708.956, 'y': 406.613}, {'x': 3254.447, 'y': 542.215}, {'x': 3291.428, 'y': 428.186}, {'x': 2887.705, 'y': 326.485}, {'x': 2708.956, 'y': 406.613}]